{
  "project_info": {
    "project_number": "816087685626",
    "firebase_url": "https://getgarb-326ec.firebaseio.com",
    "project_id": "getgarb-326ec",
    "storage_bucket": "getgarb-326ec.appspot.com"
  },
  "client": [
    {
      "client_info": {
        "mobilesdk_app_id": "1:816087685626:android:25d8d2dec3abba52d36c43",
        "android_client_info": {
          "package_name": "com.getgarb.kodekenobi"
        }
      },
      "oauth_client": [
        {
          "client_id": "816087685626-t9prsr4kg6cf227s2enk7p33u6m0jsgn.apps.googleusercontent.com",
          "client_type": 1,
          "android_info": {
            "package_name": "com.getgarb.kodekenobi",
            "certificate_hash": "7528b88da3e128497d1bfb42285573811c47f29b"
          }
        },
        {
          "client_id": "816087685626-7n8u1651si4oakgabi96acmengiolpmn.apps.googleusercontent.com",
          "client_type": 3
        }
      ],
      "api_key": [
        {
          "current_key": "AIzaSyCPMeTYcbzLAg97QdV03qaKruo2FHEovYA"
        }
      ],
      "services": {
        "appinvite_service": {
          "other_platform_oauth_client": [
            {
              "client_id": "816087685626-7n8u1651si4oakgabi96acmengiolpmn.apps.googleusercontent.com",
              "client_type": 3
            }
          ]
        }
      }
    }
  ],
  "configuration_version": "1"
}